filename,pasture,height,label
0004,alfalfa,tall,2
0009,alfalfa,tall,2
0010,alfalfa,tall,1
0011,alfalfa,tall,2
0013,alfalfa,tall,2
0015,alfalfa,tall,2
0016,alfalfa,tall,2
0017,alfalfa,tall,2
0018,alfalfa,tall,1
0019,alfalfa,tall,2
0022,alfalfa,tall,1
0023,alfalfa,tall,2
0024,alfalfa,tall,2
0025,alfalfa,tall,1
0027,alfalfa,tall,1
0029,alfalfa,tall,1
0031,alfalfa,tall,1
0035,alfalfa,tall,1
0036,alfalfa,tall,1
0038,alfalfa,tall,1
0039,alfalfa,tall,1
0041,alfalfa,tall,1
0043,alfalfa,tall,1
0045,alfalfa,tall,1
0049,alfalfa,tall,0
0050,alfalfa,tall,1
0051,alfalfa,tall,1
0053,alfalfa,tall,2
0054,alfalfa,tall,2
0057,alfalfa,tall,1
0059,alfalfa,tall,1
0062,alfalfa,tall,2
0065,alfalfa,tall,2
0066,alfalfa,tall,2
0068,alfalfa,tall,2
0072,alfalfa,tall,0
0074,alfalfa,tall,1
0075,alfalfa,tall,1
0077,alfalfa,tall,1
0079,alfalfa,tall,1
0082,alfalfa,tall,0
0083,alfalfa,tall,0
0084,alfalfa,tall,0
0089,alfalfa,tall,0
0092,alfalfa,tall,2
0096,alfalfa,tall,2
0098,alfalfa,tall,2
0099,alfalfa,tall,2
0105,alfalfa,tall,0
0106,alfalfa,tall,2
0107,alfalfa,tall,2
0108,alfalfa,tall,2
0110,alfalfa,tall,2
0113,alfalfa,tall,0
0116,alfalfa,tall,1
0118,alfalfa,tall,1
0121,alfalfa,tall,1
0124,alfalfa,tall,1
0125,alfalfa,tall,1
0126,alfalfa,tall,1
0127,alfalfa,tall,1
0128,alfalfa,tall,1
0129,alfalfa,tall,1
0130,alfalfa,tall,1
0133,alfalfa,tall,1
0135,alfalfa,tall,1
0136,alfalfa,tall,1
0139,alfalfa,tall,1
0142,alfalfa,tall,1
0145,alfalfa,tall,0
0147,alfalfa,tall,0
0151,alfalfa,tall,2
0152,alfalfa,tall,0
0153,alfalfa,tall,0
0154,alfalfa,tall,2
0159,alfalfa,tall,0
0161,alfalfa,tall,1
0163,alfalfa,tall,0
0165,alfalfa,tall,0
0167,alfalfa,tall,1
0168,alfalfa,tall,1
0171,alfalfa,tall,0
0173,alfalfa,tall,0
0175,alfalfa,tall,2
0177,alfalfa,tall,2
0178,alfalfa,tall,2
0180,alfalfa,tall,0
0181,alfalfa,tall,0
0183,alfalfa,tall,0
0184,alfalfa,tall,0
0186,alfalfa,tall,1
0187,alfalfa,tall,2
0188,alfalfa,tall,1
0195,alfalfa,tall,1
0197,alfalfa,tall,1
0198,alfalfa,tall,1
0200,alfalfa,tall,0
0201,alfalfa,tall,1
0202,alfalfa,tall,2
0203,alfalfa,tall,2
0204,alfalfa,tall,2
0207,alfalfa,tall,1
0208,alfalfa,tall,1
0209,alfalfa,tall,1
0210,alfalfa,tall,1
0216,alfalfa,tall,1
0219,alfalfa,tall,0
0223,alfalfa,tall,2
0225,alfalfa,tall,2
0227,alfalfa,tall,1
0228,alfalfa,tall,2
0229,alfalfa,tall,2
0231,alfalfa,tall,2
0232,alfalfa,tall,1
0233,alfalfa,tall,1
0234,alfalfa,tall,2
0236,alfalfa,tall,0
0238,alfalfa,tall,2
0240,alfalfa,tall,1
0244,alfalfa,tall,2
0245,alfalfa,tall,1
0246,alfalfa,tall,1
0247,alfalfa,tall,0
0249,alfalfa,tall,0
0252,alfalfa,tall,2
0254,alfalfa,tall,2
0257,alfalfa,tall,2
0258,alfalfa,tall,2
0259,alfalfa,tall,2
0264,alfalfa,tall,1
0266,alfalfa,tall,1
0267,alfalfa,tall,1
0269,alfalfa,tall,1
0270,alfalfa,tall,1
0271,alfalfa,tall,1
0274,alfalfa,tall,1
0276,alfalfa,tall,1
0278,alfalfa,tall,1
0283,alfalfa,tall,0
0284,alfalfa,tall,0
0285,alfalfa,tall,2
0290,alfalfa,tall,2
0291,alfalfa,tall,2
0297,alfalfa,tall,2
0300,alfalfa,tall,1
0302,alfalfa,tall,2
0309,alfalfa,tall,2
0310,alfalfa,tall,2
0311,alfalfa,tall,1
0314,alfalfa,tall,1
0318,alfalfa,tall,2
0319,alfalfa,tall,1
0321,alfalfa,tall,1
0322,alfalfa,tall,1
0323,alfalfa,tall,2
0326,alfalfa,tall,1
0327,alfalfa,tall,2
0330,alfalfa,tall,2
0332,alfalfa,tall,2
0333,alfalfa,tall,2
0334,alfalfa,tall,2
0336,alfalfa,tall,1
0337,alfalfa,tall,1
0338,alfalfa,tall,2
0339,alfalfa,tall,2
0340,alfalfa,tall,1
0342,alfalfa,tall,1
0343,alfalfa,tall,1
0345,alfalfa,tall,1
0346,alfalfa,tall,1
0349,alfalfa,tall,0
0350,alfalfa,tall,0
0351,alfalfa,tall,2
0352,alfalfa,tall,2
0356,alfalfa,tall,2
0358,alfalfa,tall,2
0359,alfalfa,tall,1
0361,alfalfa,tall,1
0365,alfalfa,tall,2
0366,alfalfa,tall,1
0368,alfalfa,tall,1
0369,alfalfa,tall,0
0371,alfalfa,tall,2
0372,alfalfa,tall,1
0374,alfalfa,tall,2
0376,alfalfa,tall,1
0377,alfalfa,tall,1
0378,alfalfa,tall,2
0382,alfalfa,tall,1
0383,alfalfa,tall,2
0384,alfalfa,tall,1
0385,alfalfa,tall,2
0387,alfalfa,tall,2
0389,alfalfa,tall,2
0390,alfalfa,tall,2
0391,alfalfa,tall,1
0394,alfalfa,tall,2
0395,alfalfa,tall,2
0396,alfalfa,tall,1
0397,alfalfa,tall,1
0399,alfalfa,tall,1
0403,alfalfa,tall,2
0404,alfalfa,tall,2
0406,alfalfa,tall,1
0407,alfalfa,tall,1
0410,alfalfa,tall,1
0412,alfalfa,tall,1
0414,alfalfa,tall,1
0415,alfalfa,tall,0
0416,alfalfa,tall,0
0417,alfalfa,tall,1
0419,alfalfa,tall,0
0420,alfalfa,tall,0
0422,alfalfa,tall,2
0423,alfalfa,tall,1
0424,alfalfa,tall,1
0425,alfalfa,tall,1
0427,alfalfa,tall,1
0428,alfalfa,tall,1
0430,alfalfa,tall,1
0431,alfalfa,tall,0
0432,alfalfa,tall,0
0433,alfalfa,tall,0
0434,alfalfa,tall,2
0435,alfalfa,tall,2
0436,alfalfa,tall,2
0440,alfalfa,tall,0
0443,alfalfa,tall,0
0447,alfalfa,tall,1
0448,alfalfa,tall,2
0452,alfalfa,tall,2
0458,alfalfa,tall,2
0459,alfalfa,tall,2
0464,alfalfa,tall,2
0466,alfalfa,tall,1
0468,alfalfa,tall,1
0469,alfalfa,tall,1
0470,alfalfa,tall,2
0475,alfalfa,tall,1
0476,alfalfa,tall,1
0480,alfalfa,tall,1
0481,alfalfa,tall,2
0482,alfalfa,tall,1
0487,alfalfa,tall,0
0488,alfalfa,tall,0
0489,alfalfa,tall,1
0490,alfalfa,tall,1
0491,alfalfa,tall,2
0493,alfalfa,tall,1
0495,alfalfa,tall,0
0496,alfalfa,tall,1
0498,alfalfa,tall,0
0501,alfalfa,tall,2
0503,alfalfa,tall,1
0504,alfalfa,tall,1
0505,alfalfa,tall,2
0506,alfalfa,tall,2
0508,alfalfa,tall,1
0513,alfalfa,tall,1
0514,alfalfa,tall,1
0515,alfalfa,tall,1
0516,alfalfa,tall,1
0520,alfalfa,tall,0
0526,alfalfa,tall,2
0527,alfalfa,tall,2
0528,alfalfa,tall,0
0529,alfalfa,tall,1
0533,alfalfa,tall,1
0534,alfalfa,tall,1
0540,alfalfa,tall,1
0541,alfalfa,tall,0
0542,alfalfa,tall,0
0543,alfalfa,tall,0
0545,alfalfa,tall,0
0546,alfalfa,tall,1
0549,alfalfa,tall,1
0551,alfalfa,tall,2
0552,alfalfa,tall,2
0553,alfalfa,tall,2
0554,alfalfa,tall,1
0557,alfalfa,tall,2
0559,alfalfa,tall,2
0561,alfalfa,tall,2
0562,alfalfa,tall,1
0564,alfalfa,tall,0
0566,alfalfa,tall,2
0567,alfalfa,tall,1
0568,alfalfa,tall,1
0569,alfalfa,tall,2
0570,alfalfa,tall,1
0573,alfalfa,tall,1
0574,alfalfa,tall,1
0575,alfalfa,tall,1
0576,alfalfa,tall,1
0577,alfalfa,tall,1
0580,alfalfa,tall,1
0591,alfalfa,tall,2
0592,alfalfa,tall,1
0594,alfalfa,tall,0
0595,alfalfa,tall,0
0596,alfalfa,tall,0
0599,alfalfa,tall,0
0607,alfalfa,tall,2
0609,alfalfa,tall,1
0610,alfalfa,tall,0
0611,alfalfa,tall,2
0612,alfalfa,tall,1
0613,alfalfa,tall,2
0615,alfalfa,tall,0
0616,alfalfa,tall,2
0619,alfalfa,tall,2
0623,alfalfa,tall,2
0625,alfalfa,tall,2
0626,alfalfa,tall,2
0627,alfalfa,tall,0
0631,alfalfa,tall,1
0632,alfalfa,tall,1
0633,alfalfa,tall,1
0634,alfalfa,tall,1
0636,alfalfa,tall,1
0638,alfalfa,tall,1
0639,alfalfa,tall,1
0640,alfalfa,tall,1
0641,alfalfa,tall,1
0644,alfalfa,tall,0
0646,alfalfa,tall,1
0647,alfalfa,tall,1
0648,alfalfa,tall,2
0651,alfalfa,tall,1
0652,alfalfa,tall,2
0654,alfalfa,tall,2
0657,alfalfa,tall,2
0659,alfalfa,tall,2
0663,alfalfa,tall,2
0666,alfalfa,tall,1
0667,alfalfa,tall,2
0668,alfalfa,tall,1
0669,alfalfa,tall,1
0670,alfalfa,tall,1
0671,alfalfa,tall,2
0672,alfalfa,tall,2
0673,alfalfa,tall,2
0674,alfalfa,tall,2
0681,alfalfa,tall,2
0687,alfalfa,tall,2
0688,alfalfa,tall,2
0689,alfalfa,tall,1
0691,alfalfa,tall,2
0692,alfalfa,tall,1
0693,alfalfa,tall,2
0698,alfalfa,tall,1
0701,alfalfa,tall,0
0704,alfalfa,tall,2
0705,alfalfa,tall,1
0707,alfalfa,tall,1
0710,alfalfa,tall,1
0715,alfalfa,tall,1
0716,alfalfa,tall,1
0717,alfalfa,tall,1
0718,alfalfa,tall,0
0719,alfalfa,tall,0
0720,alfalfa,tall,2
0723,alfalfa,tall,1
0726,alfalfa,tall,2
0729,alfalfa,tall,0
0731,alfalfa,tall,0
0732,alfalfa,tall,0
0734,alfalfa,tall,2
0735,alfalfa,tall,1
0739,alfalfa,tall,1
0741,alfalfa,tall,1
0742,alfalfa,tall,1
0744,alfalfa,tall,1
0745,alfalfa,tall,0
0749,alfalfa,tall,1
0751,alfalfa,tall,2
0752,alfalfa,tall,2
0755,alfalfa,tall,2
0756,alfalfa,tall,2
0757,alfalfa,tall,2
0760,alfalfa,tall,1
0762,alfalfa,tall,1
0764,alfalfa,tall,1
0765,alfalfa,tall,1
0766,alfalfa,tall,1
0769,alfalfa,tall,1
0771,alfalfa,tall,0
0772,alfalfa,tall,0
0773,alfalfa,tall,1
0774,alfalfa,tall,1
0777,alfalfa,tall,1
0782,alfalfa,tall,1
0786,alfalfa,tall,1
0791,alfalfa,tall,2
0792,alfalfa,tall,1
0794,alfalfa,tall,1
0799,alfalfa,tall,1
0803,alfalfa,tall,0
0804,alfalfa,tall,0
0806,alfalfa,tall,0
0808,alfalfa,tall,0
0814,alfalfa,tall,1
0816,alfalfa,tall,0
0817,alfalfa,tall,1
0818,alfalfa,tall,2
0821,alfalfa,tall,1
0822,alfalfa,tall,1
0823,alfalfa,tall,1
0824,alfalfa,tall,0
0828,alfalfa,tall,2
0829,alfalfa,tall,2
0830,alfalfa,tall,2
0833,alfalfa,tall,1
0834,alfalfa,tall,2
0840,alfalfa,tall,2
0841,alfalfa,tall,1
0842,alfalfa,tall,1
0843,alfalfa,tall,1
0845,alfalfa,tall,2
0849,alfalfa,tall,2
0850,alfalfa,tall,0
0851,alfalfa,tall,1
0854,alfalfa,tall,2
0856,alfalfa,tall,2
0864,alfalfa,tall,2
0866,alfalfa,tall,1
0867,alfalfa,tall,2
0868,alfalfa,tall,2
0869,alfalfa,tall,2
0870,alfalfa,tall,2
0871,alfalfa,tall,2
0872,alfalfa,tall,1
0874,alfalfa,tall,2
0875,alfalfa,tall,1
0877,alfalfa,tall,2
0878,alfalfa,tall,2
0880,alfalfa,tall,1
0884,alfalfa,tall,1
0885,alfalfa,tall,1
0886,alfalfa,tall,1
0889,alfalfa,tall,1
0891,alfalfa,tall,1
0892,alfalfa,tall,1
0893,alfalfa,tall,1
0894,alfalfa,short,0
0895,alfalfa,short,0
0900,alfalfa,short,2
0903,alfalfa,short,0
0905,alfalfa,short,0
0906,alfalfa,short,1
0907,alfalfa,short,1
0908,alfalfa,short,1
0911,alfalfa,short,1
0912,alfalfa,short,1
0914,alfalfa,short,1
0917,alfalfa,short,1
0920,alfalfa,short,1
0921,alfalfa,short,1
0922,alfalfa,short,1
0925,alfalfa,short,1
0931,alfalfa,short,0
0933,alfalfa,short,2
0934,alfalfa,short,1
0935,alfalfa,short,1
0937,alfalfa,short,2
0938,alfalfa,short,1
0939,alfalfa,short,1
0940,alfalfa,short,1
0943,alfalfa,short,0
0944,alfalfa,short,0
0947,alfalfa,short,1
0948,alfalfa,short,1
0949,alfalfa,short,1
0951,alfalfa,short,1
0952,alfalfa,short,1
0954,alfalfa,short,1
0958,alfalfa,short,1
0959,alfalfa,short,1
0960,alfalfa,short,1
0961,alfalfa,short,1
0962,alfalfa,short,1
0963,alfalfa,short,0
0965,alfalfa,short,0
0967,alfalfa,short,0
0968,alfalfa,short,0
0972,alfalfa,short,2
0973,alfalfa,short,1
0974,alfalfa,short,2
0975,alfalfa,short,2
0976,alfalfa,short,0
0977,alfalfa,short,1
0979,alfalfa,short,1
0982,alfalfa,short,1
0983,alfalfa,short,1
0986,alfalfa,short,1
0987,alfalfa,short,1
0988,alfalfa,short,1
0989,alfalfa,short,1
0991,alfalfa,short,1
0994,alfalfa,short,1
0995,alfalfa,short,1
0996,alfalfa,short,1
0997,alfalfa,short,1
0998,alfalfa,short,1
0999,alfalfa,short,1
1002,alfalfa,short,1
1003,alfalfa,short,1
1004,alfalfa,short,0
1005,alfalfa,short,0
1006,alfalfa,short,0
1007,alfalfa,short,1
1009,alfalfa,short,1
1010,alfalfa,short,1
1013,alfalfa,short,0
1018,alfalfa,short,0
1022,alfalfa,short,1
1025,alfalfa,short,1
1028,alfalfa,short,1
1029,alfalfa,short,1
1030,alfalfa,short,1
1033,alfalfa,short,0
1034,alfalfa,short,0
1035,alfalfa,short,0
1039,alfalfa,short,1
1041,alfalfa,short,2
1043,alfalfa,short,2
1044,alfalfa,short,2
1045,alfalfa,short,1
1048,alfalfa,short,2
1052,alfalfa,short,2
1056,alfalfa,short,2
1057,alfalfa,short,2
1058,alfalfa,short,0
1060,alfalfa,short,1
1061,alfalfa,short,2
1062,alfalfa,short,2
1068,alfalfa,short,1
1073,alfalfa,short,1
1075,alfalfa,short,1
1076,alfalfa,short,0
1078,alfalfa,short,0
1079,alfalfa,short,2
1082,alfalfa,short,1
1084,alfalfa,short,1
1085,alfalfa,short,1
1086,alfalfa,short,1
1088,alfalfa,short,1
1092,alfalfa,short,2
1095,alfalfa,short,1
1097,alfalfa,short,1
1102,alfalfa,short,1
1103,alfalfa,short,1
1104,alfalfa,short,0
1105,alfalfa,short,0
1107,alfalfa,short,0
1109,alfalfa,short,0
1113,alfalfa,short,0
1115,alfalfa,short,0
1116,alfalfa,short,1
1122,alfalfa,short,1
1125,alfalfa,short,1
1126,alfalfa,short,1
1127,alfalfa,short,1
1128,alfalfa,short,1
1134,alfalfa,short,0
1135,alfalfa,short,0
1136,alfalfa,short,1
1139,alfalfa,short,1
1146,alfalfa,short,1
1151,alfalfa,short,2
1152,alfalfa,short,2
1155,alfalfa,short,2
1157,alfalfa,short,2
1158,alfalfa,short,1
1159,alfalfa,short,1
1161,alfalfa,short,1
1162,alfalfa,short,1
1167,alfalfa,short,0
1168,alfalfa,short,0
1170,alfalfa,short,0
1171,alfalfa,short,0
1174,alfalfa,short,0
1175,alfalfa,short,0
1177,alfalfa,short,2
1178,alfalfa,short,2
1179,alfalfa,short,2
1181,alfalfa,short,2
1183,alfalfa,short,2
1185,alfalfa,short,0
1189,alfalfa,short,2
1192,alfalfa,short,2
1193,alfalfa,short,2
1194,alfalfa,short,2
1198,alfalfa,short,2
1204,alfalfa,short,1
1206,alfalfa,short,1
1207,alfalfa,short,1
1210,alfalfa,short,1
1211,alfalfa,short,1
1213,alfalfa,short,0
1214,alfalfa,short,0
1215,alfalfa,short,0
1216,alfalfa,short,1
1217,alfalfa,short,1
1220,alfalfa,short,1
1224,alfalfa,short,1
1226,alfalfa,short,0
1231,alfalfa,short,0
1235,alfalfa,short,2
1238,alfalfa,short,1
1239,alfalfa,short,2
1242,alfalfa,short,0
1243,alfalfa,short,1
1244,alfalfa,short,0
1245,alfalfa,short,2
1247,alfalfa,short,1
1252,alfalfa,short,0
1253,alfalfa,short,1
1255,alfalfa,short,2
1258,alfalfa,short,1
1262,alfalfa,short,1
1264,alfalfa,short,2
1266,alfalfa,short,1
1267,alfalfa,short,1
1268,alfalfa,short,1
1269,alfalfa,short,1
1273,alfalfa,short,1
1277,alfalfa,short,0
1279,alfalfa,short,1
1284,alfalfa,short,1
1285,alfalfa,short,1
1287,alfalfa,short,0
1290,alfalfa,short,1
1292,alfalfa,short,1
1293,alfalfa,short,1
1294,alfalfa,short,0
1296,alfalfa,short,0
1297,alfalfa,short,0
1298,alfalfa,short,0
1299,alfalfa,short,0
1301,alfalfa,short,0
1302,alfalfa,short,1
1303,alfalfa,short,2
1305,alfalfa,short,2
1306,alfalfa,short,2
1309,alfalfa,short,2
1310,alfalfa,short,2
1314,alfalfa,short,2
1319,alfalfa,short,0
1321,alfalfa,short,1
1322,alfalfa,short,2
1323,alfalfa,short,2
1325,alfalfa,short,2
1326,alfalfa,short,2
1328,alfalfa,short,0
1329,alfalfa,short,1
1330,alfalfa,short,2
1332,alfalfa,short,0
1334,alfalfa,short,2
1336,alfalfa,short,1
1338,alfalfa,short,1
1341,alfalfa,short,1
1342,alfalfa,short,1
1343,alfalfa,short,1
1344,alfalfa,short,1
1347,alfalfa,short,1
1348,alfalfa,short,0
1349,alfalfa,short,0
1350,alfalfa,short,0
1353,alfalfa,short,0
1359,alfalfa,short,1
1364,alfalfa,short,0
1365,alfalfa,short,0
1367,alfalfa,short,0
1371,alfalfa,short,2
1376,alfalfa,short,1
1377,alfalfa,short,2
1381,alfalfa,short,1
1382,alfalfa,short,0
1385,alfalfa,short,0
1388,alfalfa,short,0
1389,alfalfa,short,1
1391,alfalfa,short,1
1392,alfalfa,short,1
1396,alfalfa,short,1
1397,alfalfa,short,1
1404,alfalfa,short,0
1408,alfalfa,short,2
1409,alfalfa,short,1
1410,alfalfa,short,2
1412,alfalfa,short,2
1413,alfalfa,short,0
1414,alfalfa,short,0
1415,alfalfa,short,1
1416,alfalfa,short,0
1419,alfalfa,short,1
1420,alfalfa,short,1
1421,alfalfa,short,1
1422,alfalfa,short,1
1423,alfalfa,short,0
1424,alfalfa,short,0
1425,alfalfa,short,1
1426,alfalfa,short,2
1427,alfalfa,short,1
1428,alfalfa,short,0
1430,alfalfa,short,1
1431,alfalfa,short,1
1435,alfalfa,short,0
1437,alfalfa,short,0
1438,alfalfa,short,0
1439,alfalfa,short,0
1440,alfalfa,short,0
1442,alfalfa,short,2
1444,alfalfa,short,2
1445,alfalfa,short,1
1447,alfalfa,short,1
1449,alfalfa,short,2
1451,alfalfa,short,2
1452,alfalfa,short,0
1453,alfalfa,short,0
1456,alfalfa,short,0
1457,alfalfa,short,1
1460,alfalfa,short,2
1463,alfalfa,short,2
1465,alfalfa,short,2
1466,alfalfa,short,0
1467,alfalfa,short,0
1469,alfalfa,short,0
1470,alfalfa,short,2
1471,alfalfa,short,0
1473,alfalfa,short,2
1475,alfalfa,short,2
1476,alfalfa,short,2
1477,alfalfa,short,0
1478,alfalfa,short,1
1479,alfalfa,short,2
1483,alfalfa,short,1
1484,alfalfa,short,1
1488,fescue,short,0
1489,fescue,short,0
1492,fescue,short,0
1494,fescue,short,0
1496,fescue,short,2
1497,fescue,short,1
1501,fescue,short,2
1502,fescue,short,2
1503,fescue,short,1
1508,fescue,short,1
1509,fescue,short,1
1511,fescue,short,1
1515,fescue,short,1
1519,fescue,short,2
1520,fescue,short,2
1521,fescue,short,2
1523,fescue,short,2
1524,fescue,short,1
1526,fescue,short,2
1527,fescue,short,1
1530,fescue,short,2
1535,fescue,short,0
1536,fescue,short,2
1537,fescue,short,2
1538,fescue,short,2
1540,fescue,short,2
1541,fescue,short,1
1543,fescue,short,2
1544,fescue,short,2
1545,fescue,short,1
1546,fescue,short,2
1547,fescue,short,2
1548,fescue,short,1
1552,fescue,short,2
1554,fescue,short,1
1555,fescue,short,1
1559,fescue,short,1
1560,fescue,short,1
1561,fescue,short,1
1562,fescue,short,1
1565,fescue,short,1
1566,fescue,short,1
1567,fescue,short,1
1568,fescue,short,1
1571,fescue,short,1
1572,fescue,short,1
1573,fescue,short,1
1577,fescue,short,1
1578,fescue,short,1
1579,fescue,short,1
1582,fescue,short,1
1583,fescue,short,1
1585,fescue,short,1
1586,fescue,short,1
1588,fescue,short,1
1592,fescue,short,1
1594,fescue,short,1
1595,fescue,short,1
1597,fescue,short,2
1599,fescue,short,1
1600,fescue,short,2
1601,fescue,short,1
1603,fescue,short,0
1604,fescue,short,2
1605,fescue,short,1
1606,fescue,short,1
1607,fescue,short,1
1608,fescue,short,2
1610,fescue,short,1
1611,fescue,short,1
1612,fescue,short,2
1614,fescue,short,1
1615,fescue,short,2
1616,fescue,short,1
1619,fescue,short,1
1621,fescue,short,1
1624,fescue,short,1
1625,fescue,short,1
1626,fescue,short,1
1628,fescue,short,1
1629,fescue,short,1
1632,fescue,short,1
1633,fescue,short,1
1635,fescue,short,1
1636,fescue,short,1
1640,fescue,short,0
1641,fescue,short,0
1643,fescue,short,1
1644,fescue,short,2
1646,fescue,short,2
1649,fescue,short,1
1651,fescue,short,1
1653,fescue,short,1
1654,fescue,short,2
1660,fescue,short,2
1661,fescue,short,1
1662,fescue,short,2
1665,fescue,short,1
1668,fescue,short,1
1674,fescue,short,1
1675,fescue,short,1
1676,fescue,short,2
1678,fescue,short,2
1679,fescue,short,2
1680,fescue,short,2
1683,fescue,short,2
1685,fescue,short,2
1686,fescue,short,1
1688,fescue,short,2
1689,fescue,short,2
1694,fescue,short,2
1696,fescue,short,2
1698,fescue,short,2
1703,fescue,short,2
1708,fescue,short,1
1710,fescue,short,1
1714,fescue,short,1
1717,fescue,short,1
1721,fescue,short,0
1725,fescue,short,1
1726,fescue,short,1
1727,fescue,short,2
1728,fescue,short,2
1731,fescue,short,2
1732,fescue,short,2
1733,fescue,short,1
1734,fescue,short,2
1736,fescue,short,1
1737,fescue,short,1
1738,fescue,short,1
1740,fescue,short,2
1744,fescue,short,2
1748,fescue,short,1
1749,fescue,short,2
1750,fescue,short,2
1753,fescue,short,1
1754,fescue,short,2
1756,fescue,short,1
1757,fescue,short,2
1759,fescue,short,1
1760,fescue,short,1
1762,fescue,short,1
1763,fescue,short,1
1765,fescue,short,1
1766,fescue,short,1
1767,fescue,short,1
1769,fescue,short,1
1770,fescue,short,1
1772,fescue,short,0
1774,fescue,short,0
1776,fescue,short,0
1777,fescue,short,1
1779,fescue,short,2
1782,fescue,short,2
1784,fescue,short,0
1785,fescue,short,1
1786,fescue,short,1
1789,fescue,short,1
1790,fescue,short,1
1794,fescue,short,1
1795,fescue,short,1
1796,fescue,short,1
1804,fescue,short,1
1810,fescue,short,1
1811,fescue,short,1
1813,fescue,short,1
1814,fescue,short,1
1815,fescue,short,1
1816,fescue,short,1
1817,fescue,short,1
1818,fescue,short,1
1820,fescue,short,1
1827,fescue,short,1
1833,fescue,short,1
1834,fescue,short,1
1836,fescue,short,0
1840,fescue,short,0
1842,fescue,short,0
1844,fescue,short,0
1846,fescue,short,2
1849,fescue,short,2
1850,fescue,short,1
1852,fescue,short,1
1854,fescue,short,2
1855,fescue,short,2
1857,fescue,short,2
1863,fescue,short,1
1868,fescue,short,1
1870,fescue,short,2
1873,fescue,short,1
1879,fescue,short,1
1880,fescue,short,1
1881,fescue,short,1
1884,fescue,short,1
1885,fescue,short,1
1886,fescue,short,1
1888,fescue,short,1
1890,fescue,short,1
1891,fescue,short,1
1892,fescue,short,0
1893,fescue,short,0
1894,fescue,short,0
1895,fescue,short,0
1896,fescue,short,0
1898,fescue,short,0
1904,fescue,short,1
1906,fescue,short,1
1908,fescue,short,1
1911,fescue,short,1
1913,fescue,short,1
1917,fescue,short,1
1918,fescue,short,1
1919,fescue,short,1
1920,fescue,short,0
1921,fescue,short,0
1925,fescue,short,1
1927,fescue,short,1
1928,fescue,short,2
1929,fescue,short,2
1930,fescue,short,2
1932,fescue,short,2
1936,fescue,short,1
1938,fescue,short,2
1939,fescue,short,1
1944,fescue,short,1
1945,fescue,short,2
1947,fescue,short,1
1948,fescue,short,2
1950,fescue,short,2
1954,fescue,short,1
1955,fescue,short,2
1956,fescue,short,1
1961,fescue,short,2
1963,fescue,short,2
1964,fescue,short,2
1965,fescue,short,2
1968,fescue,short,1
1970,fescue,short,1
1971,fescue,short,1
1975,fescue,short,1
1976,fescue,short,1
1979,fescue,short,1
1981,fescue,short,1
1982,fescue,short,1
1983,fescue,short,1
1984,fescue,short,1
1985,fescue,short,1
1988,fescue,short,0
1989,fescue,short,0
1990,fescue,short,0
1991,fescue,short,0
1992,fescue,short,0
1994,fescue,short,0
1995,fescue,short,2
1999,fescue,short,1
2000,fescue,short,1
2002,fescue,short,1
2009,fescue,short,1
2010,fescue,short,2
2011,fescue,short,2
2014,fescue,short,2
2017,fescue,short,2
2018,fescue,short,2
2020,fescue,short,2
2021,fescue,short,1
2023,fescue,short,2
2024,fescue,short,2
2025,fescue,short,2
2028,fescue,short,2
2029,fescue,short,2
2030,fescue,short,2
2032,fescue,short,2
2034,fescue,short,1
2039,fescue,short,1
2042,fescue,short,1
2043,fescue,short,1
2046,fescue,short,1
2048,fescue,short,1
2049,fescue,short,1
2050,fescue,short,1
2051,fescue,short,0
2060,fescue,short,1
2062,fescue,short,0
2064,fescue,short,0
2066,fescue,short,1
2069,fescue,short,1
2071,fescue,short,1
2072,fescue,short,1
2073,fescue,short,1
2074,fescue,short,1
2076,fescue,short,1
2079,fescue,short,0
2080,fescue,short,0
2081,fescue,short,0
2082,fescue,short,2
2085,fescue,short,1
2087,fescue,short,1
2088,fescue,short,1
2089,fescue,short,1
2091,fescue,short,1
2095,fescue,short,1
2098,fescue,short,0
2101,fescue,short,1
2102,fescue,short,1
2105,fescue,short,1
2106,fescue,short,1
2107,fescue,short,1
2112,fescue,short,1
2113,fescue,short,1
2116,fescue,short,1
2121,fescue,short,0
2123,fescue,short,2
2125,fescue,short,2
2127,fescue,short,1
2128,fescue,short,1
2130,fescue,short,1
2131,fescue,short,2
2133,fescue,short,2
2135,fescue,short,2
2138,fescue,short,2
2139,fescue,short,1
2144,fescue,short,1
2146,fescue,short,1
2149,fescue,short,2
2150,fescue,short,2
2152,fescue,short,1
2155,fescue,short,1
2156,fescue,short,1
2157,fescue,short,1
2163,fescue,short,2
2164,fescue,short,2
2166,fescue,short,2
2171,fescue,short,2
2173,fescue,short,1
2175,fescue,short,1
2177,fescue,short,1
2181,fescue,short,2
2182,fescue,short,1
2183,fescue,short,1
2184,fescue,short,1
2185,fescue,short,1
2188,fescue,short,1
2191,fescue,short,1
2192,fescue,short,1
2195,fescue,short,1
2198,fescue,short,0
2199,fescue,short,0
2200,fescue,short,2
2201,fescue,short,1
2204,fescue,short,0
2207,fescue,short,1
2209,fescue,short,1
2210,fescue,short,1
2211,fescue,short,2
2213,fescue,short,1
2214,fescue,short,2
2215,fescue,short,1
2216,fescue,short,1
2217,fescue,short,1
2220,fescue,short,0
2221,fescue,short,2
2223,fescue,short,2
2224,fescue,short,1
2225,fescue,short,2
2226,fescue,short,1
2227,fescue,short,1
2228,fescue,short,1
2229,fescue,short,1
2230,fescue,short,1
2232,fescue,short,1
2234,fescue,short,1
2235,fescue,short,0
2236,fescue,short,1
2238,fescue,short,1
2239,fescue,short,1
2240,fescue,short,1
2241,fescue,short,2
2243,fescue,short,0
2247,fescue,short,1
2250,fescue,short,1
2251,fescue,short,1
2253,fescue,short,1
2256,fescue,short,1
2257,fescue,short,1
2261,fescue,tall,0
2262,fescue,tall,0
2263,fescue,tall,0
2266,fescue,tall,0
2268,fescue,tall,2
2270,fescue,tall,2
2272,fescue,tall,2
2273,fescue,tall,2
2274,fescue,tall,2
2275,fescue,tall,2
2280,fescue,tall,2
2281,fescue,tall,2
2284,fescue,tall,2
2287,fescue,tall,2
2289,fescue,tall,2
2291,fescue,tall,1
2292,fescue,tall,2
2294,fescue,tall,1
2295,fescue,tall,2
2298,fescue,tall,2
2299,fescue,tall,2
2302,fescue,tall,2
2303,fescue,tall,1
2305,fescue,tall,1
2306,fescue,tall,1
2307,fescue,tall,2
2313,fescue,tall,2
2316,fescue,tall,1
2318,fescue,tall,2
2319,fescue,tall,2
2320,fescue,tall,2
2323,fescue,tall,1
2325,fescue,tall,1
2326,fescue,tall,1
2327,fescue,tall,1
2328,fescue,tall,1
2332,fescue,tall,1
2336,fescue,tall,1
2338,fescue,tall,1
2339,fescue,tall,1
2342,fescue,tall,1
2345,fescue,tall,1
2346,fescue,tall,1
2347,fescue,tall,1
2348,fescue,tall,1
2351,fescue,tall,0
2354,fescue,tall,0
2358,fescue,tall,2
2360,fescue,tall,2
2361,fescue,tall,1
2363,fescue,tall,1
2365,fescue,tall,1
2366,fescue,tall,1
2368,fescue,tall,1
2369,fescue,tall,1
2371,fescue,tall,1
2373,fescue,tall,1
2374,fescue,tall,1
2375,fescue,tall,1
2376,fescue,tall,1
2382,fescue,tall,1
2384,fescue,tall,1
2389,fescue,tall,0
2390,fescue,tall,0
2391,fescue,tall,0
2393,fescue,tall,2
2397,fescue,tall,0
2401,fescue,tall,0
2402,fescue,tall,1
2403,fescue,tall,2
2404,fescue,tall,2
2406,fescue,tall,2
2407,fescue,tall,1
2408,fescue,tall,2
2410,fescue,tall,2
2419,fescue,tall,1
2420,fescue,tall,1
2422,fescue,tall,1
2423,fescue,tall,1
2424,fescue,tall,1
2427,fescue,tall,1
2429,fescue,tall,1
2433,fescue,tall,1
2434,fescue,tall,1
2438,fescue,tall,1
2441,fescue,tall,1
2442,fescue,tall,1
2443,fescue,tall,1
2444,fescue,tall,1
2446,fescue,tall,1
2447,fescue,tall,1
2449,fescue,tall,1
2450,fescue,tall,1
2451,fescue,tall,1
2452,fescue,tall,1
2454,fescue,tall,1
2456,fescue,tall,0
2463,fescue,tall,1
2464,fescue,tall,2
2465,fescue,tall,2
2469,fescue,tall,1
2471,fescue,tall,2
2474,fescue,tall,1
2475,fescue,tall,2
2476,fescue,tall,1
2477,fescue,tall,1
2479,fescue,tall,1
2480,fescue,tall,1
2481,fescue,tall,1
2483,fescue,tall,1
2484,fescue,tall,1
2487,fescue,tall,2
2489,fescue,tall,1
2491,fescue,tall,2
2492,fescue,tall,1
2494,fescue,tall,2
2495,fescue,tall,1
2496,fescue,tall,2
2497,fescue,tall,1
2500,fescue,tall,2
2502,fescue,tall,1
2507,fescue,tall,1
2508,fescue,tall,1
2510,fescue,tall,1
2512,fescue,tall,2
2513,fescue,tall,1
2516,fescue,tall,2
2518,fescue,tall,2
2519,fescue,tall,2
2523,fescue,tall,1
2524,fescue,tall,1
2525,fescue,tall,1
2526,fescue,tall,1
2527,fescue,tall,1
2531,fescue,tall,1
2534,fescue,tall,1
2535,fescue,tall,1
2536,fescue,tall,1
2537,fescue,tall,1
2539,fescue,tall,0
2540,fescue,tall,0
2546,fescue,tall,2
2547,fescue,tall,2
2548,fescue,tall,1
2550,fescue,tall,2
2553,fescue,tall,2
2554,fescue,tall,2
2562,fescue,tall,1
2564,fescue,tall,0
2565,fescue,tall,1
2566,fescue,tall,1
2567,fescue,tall,1
2569,fescue,tall,1
2570,fescue,tall,1
2571,fescue,tall,1
2572,fescue,tall,2
2574,fescue,tall,2
2575,fescue,tall,1
2576,fescue,tall,1
2578,fescue,tall,1
2582,fescue,tall,2
2584,fescue,tall,2
2585,fescue,tall,2
2586,fescue,tall,2
2588,fescue,tall,1
2589,fescue,tall,1
2591,fescue,tall,1
2594,fescue,tall,1
2595,fescue,tall,1
2596,fescue,tall,1
2599,fescue,tall,1
2600,fescue,tall,1
2602,fescue,tall,1
2604,fescue,tall,1
2609,fescue,tall,1
2613,fescue,tall,0
2617,fescue,tall,2
2618,fescue,tall,1
2620,fescue,tall,1
2621,fescue,tall,1
2626,fescue,tall,1
2630,fescue,tall,1
2631,fescue,tall,1
2632,fescue,tall,1
2633,fescue,tall,1
2634,fescue,tall,1
2635,fescue,tall,1
2637,fescue,tall,1
2639,fescue,tall,1
2641,fescue,tall,1
2642,fescue,tall,0
2643,fescue,tall,0
2649,fescue,tall,2
2651,fescue,tall,2
2652,fescue,tall,2
2657,fescue,tall,1
2658,fescue,tall,2
2660,fescue,tall,2
2669,fescue,tall,2
2674,fescue,tall,1
2677,fescue,tall,1
2679,fescue,tall,1
2682,fescue,tall,1
2685,fescue,tall,1
2688,fescue,tall,0
2689,fescue,tall,0
2690,fescue,tall,0
2691,fescue,tall,2
2693,fescue,tall,2
2695,fescue,tall,2
2699,fescue,tall,2
2701,fescue,tall,1
2707,fescue,tall,1
2709,fescue,tall,1
2710,fescue,tall,1
2711,fescue,tall,1
2712,fescue,tall,1
2716,fescue,tall,1
2718,fescue,tall,1
2719,fescue,tall,1
2721,fescue,tall,0
2722,fescue,tall,0
2723,fescue,tall,0
2727,fescue,tall,2
2728,fescue,tall,1
2732,fescue,tall,1
2735,fescue,tall,2
2737,fescue,tall,0
2738,fescue,tall,0
2741,fescue,tall,1
2743,fescue,tall,2
2744,fescue,tall,2
2747,fescue,tall,1
2748,fescue,tall,1
2750,fescue,tall,1
2751,fescue,tall,1
2752,fescue,tall,1
2753,fescue,tall,1
2754,fescue,tall,1
2755,fescue,tall,2
2756,fescue,tall,2
2757,fescue,tall,1
2760,fescue,tall,2
2762,fescue,tall,2
2764,fescue,tall,1
2765,fescue,tall,1
2767,fescue,tall,1
2769,fescue,tall,1
2770,fescue,tall,1
2771,fescue,tall,1
2775,fescue,tall,1
2777,fescue,tall,1
2778,fescue,tall,0
2779,fescue,tall,0
2780,fescue,tall,0
2781,fescue,tall,0
2782,fescue,tall,0
2784,fescue,tall,0
2785,fescue,tall,0
2786,fescue,tall,0
2787,fescue,tall,2
2791,fescue,tall,2
2793,fescue,tall,2
2794,fescue,tall,1
2796,fescue,tall,1
2798,fescue,tall,2
2801,fescue,tall,1
2805,fescue,tall,2
2807,fescue,tall,2
2808,fescue,tall,1
2809,fescue,tall,2
2810,fescue,tall,1
2812,fescue,tall,1
2816,fescue,tall,1
2819,fescue,tall,1
2821,fescue,tall,2
2822,fescue,tall,1
2824,fescue,tall,1
2825,fescue,tall,1
2829,fescue,tall,2
2830,fescue,tall,1
2832,fescue,tall,2
2833,fescue,tall,1
2837,fescue,tall,2
2838,fescue,tall,2
2839,fescue,tall,2
2841,fescue,tall,1
2842,fescue,tall,1
2844,fescue,tall,2
2845,fescue,tall,1
2846,fescue,tall,1
2848,fescue,tall,2
2850,fescue,tall,2
2853,fescue,tall,1
2856,fescue,tall,2
2858,fescue,tall,1
2859,fescue,tall,0
2861,fescue,tall,1
2862,fescue,tall,1
2864,fescue,tall,1
2865,fescue,tall,1
2866,fescue,tall,1
2867,fescue,tall,1
2868,fescue,tall,1
2869,fescue,tall,1
2870,fescue,tall,1
2873,fescue,tall,1
2874,fescue,tall,1
2875,fescue,tall,1
2877,fescue,tall,1
2879,fescue,tall,0
2882,fescue,tall,0
2883,fescue,tall,0
2887,fescue,tall,1
2889,fescue,tall,2
2893,fescue,tall,2
2896,fescue,tall,2
2897,fescue,tall,2
2898,fescue,tall,2
2899,fescue,tall,2
2901,fescue,tall,1
2903,fescue,tall,2
2905,fescue,tall,1
2910,fescue,tall,1
2911,fescue,tall,1
2912,fescue,tall,1
2913,fescue,tall,1
2915,fescue,tall,1
2917,fescue,tall,1
2919,fescue,tall,1
2920,fescue,tall,1
2922,fescue,tall,1
2923,fescue,tall,0
2924,fescue,tall,1
2928,fescue,tall,1
2930,fescue,tall,1
2932,fescue,tall,1
2933,fescue,tall,1
2934,fescue,tall,1
2937,fescue,tall,0
2939,fescue,tall,1
2943,fescue,tall,1
2944,fescue,tall,1
2945,fescue,tall,1
2947,fescue,tall,1
2948,fescue,tall,1
2949,fescue,tall,1
2951,fescue,tall,0
2954,fescue,tall,0
2956,fescue,tall,1
2957,fescue,tall,1
2958,fescue,tall,1
2964,fescue,tall,1
2966,fescue,tall,1
2967,fescue,tall,1
2968,fescue,tall,1
2969,fescue,tall,0
2971,fescue,tall,0
2972,fescue,tall,0
2973,fescue,tall,0
2976,fescue,tall,0
2981,fescue,tall,1
2982,fescue,tall,1
2986,fescue,tall,1
2987,fescue,tall,2
2995,fescue,tall,2
2996,fescue,tall,1
2999,fescue,tall,1
3001,fescue,tall,2
3004,fescue,tall,1
3010,fescue,tall,2
3014,fescue,tall,2
3015,fescue,tall,2
3016,fescue,tall,2
3020,fescue,tall,1
3022,fescue,tall,2
3025,fescue,tall,2
3026,fescue,tall,1
3027,fescue,tall,1
3029,fescue,tall,2
3030,fescue,tall,2
3032,fescue,tall,2
3034,fescue,tall,2
3036,fescue,tall,2
3038,fescue,tall,1
3039,fescue,tall,2
3040,fescue,tall,1
3041,fescue,tall,1
3042,fescue,tall,2
3043,fescue,tall,2
3044,fescue,tall,2
3046,fescue,tall,1
3047,fescue,tall,2
3049,fescue,tall,1
3050,fescue,tall,1
3054,fescue,tall,1
3055,fescue,tall,2
3057,fescue,tall,1
3058,fescue,tall,2
3063,fescue,tall,1
3064,fescue,tall,1
3065,fescue,tall,1
3068,fescue,tall,2
3069,fescue,tall,1
3071,fescue,tall,1
3073,fescue,tall,1
3075,fescue,tall,1
3077,fescue,tall,1
3079,fescue,tall,1
3083,fescue,tall,0
